{"cameraMode":{"drawMode":0,"name":"Shaded","section":"Shading Mode"},"sceneLighting":true,"audioPlay":false,"sceneViewState":{"showFog":false,"showMaterialUpdate":false,"showSkybox":true,"showFlares":false,"showImageEffects":false,"showParticleSystems":false},"in2DMode":false,"pivot":{"x":0.2531569302082062,"y":2.035008668899536,"z":0.5447516441345215},"rotation":{"x":-0.06264092773199082,"y":-0.10014213621616364,"z":0.006318184547126293,"w":-0.9929863214492798},"size":3.045234203338623,"orthographic":false}