{"cameraMode":{"drawMode":0,"name":"Shaded","section":"Shading Mode"},"sceneLighting":false,"audioPlay":false,"sceneViewState":{"showFog":false,"showMaterialUpdate":false,"showSkybox":true,"showFlares":false,"showImageEffects":false,"showParticleSystems":false},"in2DMode":false,"pivot":{"x":0.3751731514930725,"y":-0.15074419975280763,"z":1.0690577030181885},"rotation":{"x":0.2593187987804413,"y":-0.40074217319488528,"z":0.11936825513839722,"w":0.8705807328224182},"size":0.5715768337249756,"orthographic":false}